{
  "name": "affliction-control",
  "title": "Affliction Control",
  "description": "Adds effects to character sheets for tracking afflictions (Pathfinder 2e v6, Foundry VTT v12)",
  "version": "1.0.0",
  "author": "Yamarin",
  "minimumCoreVersion": "12",
  "compatibleCoreVersion": "12",
  "system": ["pf2e"],
  "dependencies": [],
  "manifest": "https://github.com/Yamarin/affliction-control/releases/download/v1.0.0/module.json",
  "url": "https://github.com/Yamarin/affliction-control",
  "download": "https://github.com/Yamarin/affliction-control/releases/latest/download/affliction-control.zip",
  "scripts": [
    "affliction-window.js",
    "affliction-listener.js",
    "affliction-button.js",
    "affliction-chat-import.js"
  ]
  
}
